menu_lang,zh_TW,zh_CN,en_US,vi_VN,ja_JP,ko_KR,th_TH,id_ID
menu_home,首頁,首页,Homepage,Trang chính,トップページ,메인 페이지,หน้าหลัก,Beranda
menu_productIntro,產品介紹,产品介绍,Product Introduction,Giới thiệu sản phẩm,商品紹介,상품 소개,แนะนำสินค้า,Pengenalan Produk
menu_productFeature,產品特色,产品特色,Product Feature,Đặc điểm sản phẩm,商品特色,상품 특색,ลักษณะสินค้า,Fitur Produk
menu_usageInstruction,使用說明,使用说明,Usage Instruction,Hướng dẫn sử dụng,取扱説明,사용 설명,คำแนะนำการใช้งาน,Instruksi Penggunaan
menu_announcement,訊息公告,讯息公告,Announcement,Công bố tin tức,お知らせ,소식 공지,ประกาศ,Pengumuman
menu_contactUS,聯繫我們,联系我们,Contact Us,Liên lạc chúng tôi,コンタクト,문의하기,ติดต่อเรา,Hubungi kami
alert_logout,登出,登出,Logout,Đăng xuất,サインアウト,로그아웃,ออกจากระบบ,Logout
alert_logoutTip,是否確定要登出？,是否确定要登出？,Are you sure you want to log out?,Bạn có chắc chắn bạn muốn thoát?,ログアウトしてもよろしいですか?,로그아웃하시겠습니까?,คุณแน่ใจว่าคุณต้องการที่จะออกจากระบบ?,Are you sure you want to log out?
alert_cancel,取消,取消,Cancel,Hủy bỏ,キャンセル,취소,ยกเลิก,Cancel
alert_confirm,確定,确定,Confirm,Chắc chắn,もちろん,확신하는,ยืนยัน,Confirm
home_webtitle,QPP-數位背包,QPP-数位背包,QPP - The Digital Backpack,QPP - Ba lô kỹ thuật số,QPP-デジタルバッグ,QPP-디지털 백팩,QPP - กระเป๋าดิจิทัล,QPP - The Digital Backpack
home_section_1_title,- 數位背包,- 数位背包,- The Digital Backpack,- Ba lô kỹ thuật số,- デジタルバッグ,- 디지털 백팩,- กระเป๋าดิจิทัล,- The Digital Backpack
home_section_1_p,QPP數位背包是使用門號存放各種數位商品的工具。<br/>手機門號即為QPP帳戶，無須註冊，想要使用數位商品時，只需下載安裝即可。<br/>立即打開QPP查看您有哪些數位物品吧！,QPP数位背包是使用门号存放各种数位商品的工具。<br/>手机门号即为QPP帐户，无须注册，想要使用数位商品时，只需下载安装即可。<br/>立即打开QPP查看您有哪些数位物品吧！,"QPP digital backpack is a storage tool for any digital item.<br/>Just need your phone number, no more register.<br/>While you want to use digital items, only one step download.<br/>Let’s open your QPP to check what digital item you owned!","Balô kỹ thuật số QPP là công cụ sử dụng số di động lưu trữ các loại sản phẩm điện tử.<br/>Số di động cũng là tài khoản QPP, không cần đăng ký, khi muốn sử dụng sản phẩm điện tử, chỉ cần tải và cài đặt là được.<br/>Mở ngày QPP để xem bạn có các sản phẩm điện tử nào nhé!",QPPデジタルバックパックとは、各種類のデジタル商品を収納できるツールでございます。<br/>携帯番号があれば、登録することもなくご利用になれます。<br/>収納されたデジタル商品を使おうとする際に、ダウンロードしてインストールすれば使えです。<br/>今すぐQPPを開けて、どのようなデジタル商品を持ってるかを確認しましょう。,QPP 디지털 인벤토리는 여러개의 디지털 아이템을 저장하는 도구입니다.<br/>핸드폰 번호가 바로 QPP계정이며 등록할 필요없이 디지털 아이템을 사용 원하실 때 다운로드해서 설치하면 됩니다.<br/>QPP앱을 즉시 오픈하여 어떤 디지털 아이템을 보유하고 있는지 확인해보세요!,กระเป๋าดิจิทัล QPP เป็นเครื่องมือสำหรับจัดเก็บสินค้าดิจิทัลต่าง ๆ โดยใช้หมายเลขมือถือ หมายเลขมือถือก็เป็นบัญชีของ QPP ไม่ต้องลงทะเบียน เมื่อต้องการสินค้าดิจิทัลเพียงดาวน์โหลดก็สามารถใช้ได้เลย รีบมาเปิด QPP ดูว่ามีสินค้าดิจิทัลอะไรที่คุณต้องการกันเถอะ,"Ransel digital QPP adalah alat untuk menyimpan berbagai produk digital menggunakan nomor telpon.<br/>Nomor telepon adalah akun QPP, tidak perlu registrasi, ketika ingin menggunakan produk digital, kamu hanya perlu mengunduh dan menginstalnya.<br/>Buka QPP sekarang untuk melihat item digital apa yang kamu miliki!"
home_section_1_slogan,即刻登入<span>免費擁有數位背包</span>,即刻登入<span>免费拥有数位背包</span>,Log in now and <span>get your free digital backpack</span>.,Đăng nhập ngay miễn phí sử dụng balô kỹ thuật số,今すぐログインして、<span>無料デジタルバックを手に入れましょう</span>。,바로 로그인하여 <span>무료로 디지털 인벤토리를 획득가능합니다</span>,ล็อกอินตอนนี้<span>จะได้รับกระเป๋าดิจิทัลฟรี</span>.,Log in sekarang dan dapatkan digital backpack secara gratis.
home_section_1_slogan2,每邀請一名朋友註冊再加拿 <span class='text-yellow'>QPP Coin 30 點</span>,每邀请一名朋友注册再加拿 <span class='text-yellow'>QPP Coin 30 点</span>,Get <span class='text-yellow'>QPP Coin 30 points</span> with each registered friend you invited.,Mỗi lần mời một người bạn đăng kí nhận <span class='text-yellow'>30 coin QPP</span>,友達を登録するよう招待するたびに、 <span class='text-yellow'>30 QPP コイン</span>を追加で獲得できます。,친구 1명 초대 등록 마다 추가로 <span class='text-yellow'>QPP Coin 30</span>포인트 획득 가능합니다.,เชิญเพื่อนหนึ่งคนก็จะได้รับ <span class='text-yellow'>QPP Coin 30 แต้มเพิ่ม</span>,Undang teman anda dan dapatkan <span class='text-yellow'>30 poin koin QPP</span>
home_section_2_title,數位背包輕鬆創建物品，管理介面簡單,数位背包轻松创建物品，管理介面简单,Use the digital backpack to create and manage items easily!,"Balô kỹ thuật số dễ dàng tạo vật phẩm, giao diện quản lý đơn giản",デジタルバッグでアイテム作成がサクサク、会員管理がラクラク！,디지털 인벤토리에 물품을 간단하게 생성하며 관리 인터베이스가 간단합니다,กระเป๋าดิจิทัลสร้างสินค้าอย่างสะดวก การจัดการอินเทอร์เฟซที่ง่าย,Gunakan backpack digital untuk membuat dan mengelola item dengan mudah!
home_section_2_item1_title,遊戲虛寶自由移轉,游戏虚宝自由移转,Transfering in-game items as you like.,Vật phẩm ảo trong game tự do chuyển đổi,ゲームアイテムの自由送付,게임 가상 보물 자유롭게 이전,ย้ายสมบัติเสมือนในเกมส์ได้ที่ต้องการ,Transfer item di dalam game sesuka-mu
home_section_2_item1_p,合作夥伴的遊戲虛寶，將可任你移轉給他人兌換使用，不再被遊戲限制給束縛住！,合作伙伴的游戏虚宝，将可任你移转给他人兑换使用，不再被游戏限制给束缚住！,"You can transfer the in-game items from the game of our partner to anyone, and manage it without any limitation!","Vật phẩm ảo của đối phương hợp tác, thì có thể chuyển nhượng cho bất kì ai sử dụng trao đổi, không bị trò chơi giới hạn ràng buộc!",パートナーゲームのアイテムは、自由に他の人に譲渡でき、ゲームによって制限されることはなくなります！,파트너사의 가상 보물을 다른 사람에게 이전하여 사용가능하며 다시 게임 제한으로 인해 속박되지 않습니다！,สมบัติเสมือนของพันธมิตรก็สามารถส่งให้ผู้อื่นใช้ได้ แล้วไม่ต้องถูกเกมส์ผูกพัน!,"Anda dapat mentransfer item dalam game dari partner game anda kepada siapa pun, dan mengelolanya tanpa batasan apa pun!"
home_section_2_item2_title,安心保存會員卡,安心保存会员卡,The member card that makes you feel safe.,Yên tâm lưu thẻ thành viên,安心な会員カード保存！,회원 카드 안전하게 보존,บัตรสมาชิกที่บันทึกปลอดภัย,Kartu anggota dapat membuat anda merasa aman
home_section_2_item2_p,透過最先進的資料儲存技術，QPP 可快速發行各類數位會員卡，取代紙本會員卡保存不易的問題！,透过最先进的资料储存技术，QPP 可快速发行各类数位会员卡，取代纸本会员卡保存不易的问题！,"By cutting edge data storage technology, QPP can quickly publish membership card, and solve the keeping problem of physical cards!","Thông qua công nghệ lưu trữ dữ liệu tiên tiến nhất, QPP có thể phát hành nhanh chóng các loại thẻ hội viên kỹ thuật số, thay thế vấn đề bất tiện lưu trữ thẻ hội viên bằng giấy!",QPPは最先端のデータ保存技術を使って、あらゆる種類のデジタル会員カードを素早く発行し、紙の会員カードを保管するのが難しいという問題を取り換える。,가장 선진한 정보 저장 기술을 통해 QPP에서 빠르게 여러가지 종류의 디지털 회원 카드를 발행가능하며 보존 어려운 종이 회원 카드를 대체가능합니다!,ด้วยเทคโนโลยีการจัดเก็บข้อมูลที่ทันสมัยที่สุด QPP สามารถออกบัตรสมาชิกดิจิทัลต่าง ๆ ได้อย่างรวดเร็ว แล้วแทนที่ปัญหายุ่งยากในการเก็บรักษาบัตรสมาชิกแบบกระดาษ!,"Dengan teknologi penyimpanan data yang canggih, QPP dapat dengan cepat menerbitkan kartu keanggotaan, dan memecahkan masalah penyimpanan kartu fisik!"
home_section_2_item3_title,票券暢行無阻礙,票券畅行无阻碍,Go anywhere with the ticket in your hands,Vé thuận lợi không bị ngăn cản,チケットはどこでも便利,티켓으로 막힘없이 순조롭게 통행,ตั๋วที่ไม่มีข้อจำกัด,Pergi kemanapun dengan tiket di tangan anda
home_section_2_item3_p,門票、折價劵不怕弄丟，通通存進QPP數位背包內，一鍵使用輕鬆享受！,门票、折价劵不怕弄丢，通通存进QPP数位背包内，一键使用轻松享受！,"Worry no more about ticket loss, keep them all in QPP Digital Backpack, and use it with one tap!","Vé vào cửa, vé giảm giá không sợ bị mất, toàn bộ đều được lưu giữ tại ba lô kỹ thuật số, một cú nhấp chia sẻ dễ dàng!",チケットや割引クーポンを紛失することを恐れず、すべてQPPデジタルバックに保存され、ワンクリックで簡単に楽しむことができます！,"티켓, 할인권 잃어버린 일이 없이 모두 QPP디지털 인벤토리에서 저장하며 한 키를 통해 손조롭게 누릴 수 있습니다！",ตั๋ว คูปองส่วนลดไม่ต้องกลัวหา ทั้งหมดถูกเก็บไว้ในกระเป๋าดิจิทัล QPP ปุ่มเดียวให้คุณใช้ง่ายและสบาย!,"Tidak perlu khawatir lagi tentang kehilangan tiket, simpan semuanya di QPP Digital Backpack, dan gunakan dengan satu jari!"
home_section_2_item4_title,更多豐富功能等你挖掘,更多丰富功能等你挖掘,A whole new world with multifunction awaits.,Càng nhiều chức năng phong phú chờ bạn khai thác,もっと豊富な機能が待ってます！,더 많은 풍부한 기능을 발굴하세요,ฟังก์ชันที่มากมายรอคุณมาเปิดเจอ,Lebih banyak lagi fungsi keren menanti anda
home_section_2_item4_p,QPP的目標是成為全球最大的虛實整合平台。還可透過先進 SDK 串接，還可解鎖更多獨家功能！,QPP的目标是成为全球最大的虚实整合平台。还可透过先进 SDK 串接，还可解锁更多独家功能！,"The goal of QPP is to become the biggest virtual-physic integration platform in the world, and more unique functions are coming via advanced SDK Integration!","Mục tiêu của QPP là trở thành nền tảng hội nhập thực và ảo lớn nhất thế giới. Có thể thông qua SDK tiên tiến nhất kết nối, còn có thể độc quyền  mở khóa nhiều chức năng khác!",QPPの目標は、台湾最大のバーチャルおよびリアルの統合プラットフォームになることです。<br />また、SDKと接続し、もっとたくさんの専有機能を利用できます！,QPP의 목표는 클로벌 가장 큰 허실 통합 플렛폼이 되는 것입니다.<br />선단한 SDK를 통해 접목 가능하며 더 많은 독점 기능을  발굴할 수 있습니다,เป้าหมายของ QPP คือการเป็นแพลตฟอร์มบูรณาการเสมือนจริงที่ใหญ่ที่สุดในโลก และยังสามารถเชื่อมต่อผ่าน SDK ขั้นสูง แล้วยังปลดล็อกฟังก์ชั่นพิเศษเพิ่มเติมได้อีกด้วย!,"Tujuan QPP adalah menjadi platform integrasi fisik-virtual terbesar di dunia, dan lebih banyak fungsi unik mendatang melalui Integrasi SDK modern!"
home_section_3_title,數位背包功用多，打造便利生活圈！,数位背包功用多，打造便利生活圈！,Let the versatile digital backpack make your social circle!,"Balô kỹ thuật số có nhiều chức năng, tạo nên một vòng quay cuộc sống tiện lợi!",デジタルバッグの多機能でQPPライフを作りましょう！,디지털 인벤토리의 효력이 많으며 편리한 생활관을 만들 수 있습니다！,กระเป๋าดิจิทัลฟังก์ชั่นมากมาย สร้างวงเวียนชีวิตที่สะดวกสบาย!,"Digital backpack  memiliki banyak fungsi, menciptakan lingkaran kehidupan yang nyaman!"
home_section_4_brik1_title,手機門號就是QPP帳號,手机门号就是QPP帐号,Your phone number is the QPP account,Số điện thoại cũng là tài khoản QPP,電話番号＝QPPアカウント,핸드폰 번호가 바로 QPP계정입니다,หมายเลขโทรศัพท์ก็เป็นบัญชีQPP,No hp anda adalah akun QPP
home_section_4_brik1_p,物品移轉不需要對方有用過QPP即可輕鬆發送，系統會發簡訊通知對方有物品轉入，透過簡訊登入QPP即可使用物品，無縫接軌省去繁瑣註冊流程。,物品移转不需要对方有用过QPP即可轻松发送，系统会发简讯通知对方有物品转入，透过简讯登入QPP即可使用物品，无缝接轨省去繁琐注册流程。,"You can transfer items even if the receiver wasn’t a QPP user, the system will send a message to the receiver about item transfer, then the user can access the item by log in QPP via message, throwing all the registration procedures away.","Vật phẩm chuyển đi cho đối phương cần phải sử dụng QPP mới có thể thuận tiện chuyển đổi,hệ thống sẽ phát tin nhắn thông báo tới đối tượng được nhận, thông qua tin nhắn đăng nhập QPP thì có thể sử dụng vật phẩm, không cần thực hiện các bước đăng ký phức tạp.",アイテムを送付する時、相手はQPP会員ではなくでも簡単に実行できます。運営からショットメッセージで相手にアイテム到着とお知らせし、それを通してQPPにログインすると、複雑な登録手順を省いて、アイテムが使用できます。,물품 이전은 상대방이 QPP를 사용하지 않고도 쉽게 발송할 수 있으며 시스템은 상대방에게 물품이 반입되었음을 알려주고 메세지를 통해 QPP에 접속하면 바로 물품을 사용할 수 있어 까다로운 등록 절차 생략에 순조로워졌습니다.,ย้ายสินค้าฝ่ายตรงข้ามไม่จำเป็นต้องเคยใช้ QPP ก็สามารถส่งได้ง่าย ๆ ระบบจะส่งข้อความแจ้งอีกฝ่ายว่ามีสินค้าจะนำเข้า และผ่านข้อความก็สามารถล็อกอิน QPP เข้าไปใช้สินค้า การผสานรวมกันอย่างราบรื่น ช่วยลดขั้นตอนการลงทะเบียนที่น่าเบื่อ,"Anda dapat mentransfer item meskipun penerima bukan pengguna QPP, sistem akan mengirim pesan ke penerima tentang transfer item, kemudian pengguna dapat mengakses item dengan masuk ke QPP melalui pesan, membuang semua prosedur pendaftaran."
home_section_4_brik2_title,一鍵匯入通訊錄名單,一键汇入通讯录名单,Import Contacts with one tap.,Nhập danh sách liên lạc chỉ bằng một cú nhấp chuột,ワンクリックで連絡先をインポート,한 키를 통해 연락처 리스트 등록,หนึ่งปุ่มนำเข้ารายชื่อโทรศัพท์มือถือ,Import kontak dengan satu jari
home_section_4_brik2_p,只要將手機聯絡人一鍵匯入，就能把好友拉進你的QPP 生活圈，一起討論話題、交換物品、甚至領取更多獎勵，樂趣更多好處也更多！,只要将手机联络人一键汇入，就能把好友拉进你的QPP 生活圈，一起讨论话题、交换物品、甚至领取更多奖励，乐趣更多好处也更多！,"Just import your contacts and bring all your friends into QPP life circle. Enjoy the fun of collecting, discussing and exchanging together, the more friends you bring, the more fun you will have!","Thêm danh sách liên lạc thông qua một cú nhấp chuột, thì có thể đem bạn bè thêm vào cuộc sống QPP của bạn, cùng nhau thảo luận, trao đổi vật phẩm, thậm chí nhận càng nhiều quà tặng,nhiều thú vị nhiều hữu ích!",ワンクリックで携帯の連絡先をインポートすることができます！友達をQPPの世界にに引き込み、ポイントを集め、トピックについて話し合い、アイテムを交換し、さらに多くの楽しみや奨励を得られます。,"한 키를 통해 휴대폰 연락처 등록 가능하며 친구분들 님의 QPP생활권에 초대할 수 있으며 함께 포인트 적립,화제 토론,물품 교환등 심지어 더많은 보상을 획득가능하며 재미 요소도 많아집니다!",เพียงหนึ่งปุ่มนำเข้ารายชื่อโทรศัพท์มือถือ ก็สามารถดึงเพื่อนเข้าสู่วงจรชีวิต QPP แล้วมาอภิปรายหัวข้อร่วมกัน แลกเปลี่ยนสินค้า และรับของรางวัลมากมาย พร้อมความสนุกและสิทธิประโยชน์มากมาย!,"Cukup impor kontak nda dan bawa semua teman anda ke dalam lingkaran kehidupan QPP. Nikmati serunya mengumpulkan, berdiskusi, dan bertukar pikiran bersama, semakin banyak teman yang kamu bawa, semakin banyak keseruan yang akan kamu dapatkan!"
home_section_4_brik3_title,輕鬆交流的討論區,轻松交流的讨论区,A discussion place where you can just be yourself.,Khu thảo luận dễ dàng giao lưu,簡単に交流できる掲示板,가볍게 소통 가능한 토론존,ฟอรั่มการสื่อสารที่ง่าย,Tempat diskusi dimana anda bisa jadi diri sendiri
home_section_4_brik3_p,每位用戶都擁有專屬的個人討論專頁，可以輕鬆發起話題並與人交流。不論是生活情報、購物好康、還是八卦話題，都能在 QPP 上找到同伴！,每位用户都拥有专属的个人讨论专页，可以轻松发起话题并与人交流。不论是生活情报、购物好康、还是八卦话题，都能在 QPP 上找到同伴！,"Manage your personal info page and start a chat easily. Life Info, Discount, and Gossip, Find your friends on QPP!","Mỗi người dùng đều có một khu thảo luận riêng, có thể dễ dàng nói chuyện và giao lưu với mọi người. Cho dù đó là thông tin cuộc sống, mua sắm hay các chủ đề buôn chuyện, bạn đều có thể tìm thấy những người bạn đồng hành trên QPP!",各ユーザーは専用の掲示板があって、簡単にトピックを開始したり、他のユーザーと交流したりできます。 生活情報、買い物、ゴシップなどは全部QPPで仲間を見つけることができます。,"유저마다 전속의 개인 토론페이지가 가지며 쉽게 화제를 만들어서 타인과 소통가능합니다.생활 정보,굿쇼핑을 막론하고 스캔 화제들까지 모두 QPP앱에서 동반자를 찾을 수 있습니다!",ผู้ใช้แต่ละคนมีหน้าสนทนาส่วนตัวโดยเฉพาะ ซึ่งสามารถเริ่มหัวข้อและสื่อสารกับผู้อื่นได้อย่างง่ายดาย ไม่ว่าจะเป็นข้อมูลชีวิต ช้อปปิ้งดีๆ หรือเรื่องซุบซิบ คุณสามารถหาเพื่อนได้ใน QPP!,"Kelola halaman info pribadi anda dan mulai mengobrol dengan mudah. Info Kehidupan, Diskon, dan Gosip, Temukan teman anda di QPP!"
home_digibag_title,將您的服務整合至QPP數位背包發揮最大效益！,将您的服务整合至QPP数位背包发挥最大效益！,Integrating your services into QPP Digital Backpack for the maximum efficiency!,Đem toàn bộ phục vụ của bạn đến QPP balô kỹ thuật số để nhận lợi ích tốt nhất!,サービスをQPPデジタルバッククに統合して、メリットを最大化します！,님의 서비스를 QPP디지털 인벤토리까지 정합하여 최대의 효익을 발휘할 수 있게 해줍니다!,รวมบริการของคุณไว้ในกระเป๋าเป้ดิจิทัลของ QPP เพื่อรับประโยชน์สูงสุด!,Integrasikan layanan anda ke dalam QPP Digital Backpack untuk mendapatkan efisiensi maksimum!
home_digibag_text,立即申請合作廠商「官方帳號」,立即申请合作厂商「官方帐号」,"Apply business partner's ""Official Account"" now!","Đăng kí ngay nhà hợp tác ""Tài khoản GM""",パートナーメーカーの「公式アカウント」を申請する,파트너사 「공식 계정」을 바로 신청하기,"สมัครพันธมิตรทันที ""บัญชีทางการ""","Daftar partner bisnis ""Akun resmi"" sekarang juga !"
home_digibag_list1_name,數位物品大量創建發送,数位物品大量创建发送,Create and send massive amount of digital item at once,Thiết lập phát đi vật phẩm số số lượng lớn thiết lập,デジタルアイテムを大量に作成して送付,디지털 물품을 대량 생성하여 발급,สินค่าดิจิทัลถูกสร้างขึ้นและส่งในปริมาณมาก,Buat dan kirim item digital dalam jumlah besar sekaligus
home_digibag_list1_p,輕鬆將您創建的數位物品發送給大量用戶。,轻松将您创建的数位物品发送给大量用户。,Send your digital items to a lot of users easily.,Đơn giản giúp bạn thiết lập vật phẩm số phát đi  số lượng lớn tới người dùng.,作成したデジタルアイテムを多数のユーザーに簡単に送付できます。,간단하게 님이 생성된 디지털 물품을 대량의 유저에게 발송가능합니다.,ส่งสินค้าดิจิทัลที่คุณสร้างให้กับผู้ใช้จำนวนมากได้อย่างง่ายดาย,Kirim item digital anda ke banyak pengguna dengan mudah.
home_digibag_list2_name,告別帳號密碼的時代,告别帐号密码的时代,Say goodbye to account and password,Tạm biệt thời đại tài khoản và mật mã,アカウントとパスワードの時代に別れ,계정 번호 및 비밀 번호 사용 시대 고별,ลากับยุคบัญชีและรหัสผ่าน,Ucapkan selamat tinggal pada akun dan kata sandi anda
home_digibag_list2_p,讓用戶在高安全環境下登入您的服務。,让用户在高安全环境下登入您的服务。,Allowing users to log in your service in a safe environment without it.,Để người dùng yên tâm nhất đăng nhập và môi trường phục vụ của bạn.,ユーザーが高セキュリティ環境でサービスにログインできるようにしてます。,높은 안전 환경에서 님의 서비스를 로그인할 수 있게 해줍니다.,ให้ผู้ใช้เข้าสู่ระบบบริการของคุณในสภาพแวดล้อมที่มีความปลอดภัยสูง,Izinkan pengguna masuk ke service di lingkungan yang sangat aman.
home_digibag_list3_name,兌換就是那麼簡單,兑换就是那么简单,Exchange items as easy as possible,Trao đổi cực kì dễ dàng,交換はとても簡単,교환은 그렇게 간단합니다,การแลกเปลี่ยนเป็นเรื่องง่าย ๆ,Bertukar item hanya semudah itu
home_digibag_list3_p,從此用戶不用輸入亂碼來兌換虛擬商品或優惠。,从此用户不用输入乱码来兑换虚拟商品或优惠。,No more random codes for an item or discount.,Từ đây người dùng không cần điền mã để đổi cửa hàng ảo hoặc ưu đãi.,ユーザーはバーチャルアイテムや特典を利用するために文字化けしたコードを入力する必要はありません。,이제 부터 다시 영어 및 숫자로 섞인 깨진글자를 입력하지 않아도 가상 보물 또는 혜택을 교환할 수 있습니다.,ในอนาคตผู้ใช้จะไม่ต้องป้อนรหัสที่อ่านไม่ออกเพื่อแลกรับสินค้าเสมือนจริงหรือส่วนลด,Tidak perlu lagi kode acak untuk item atau diskon.
home_partner_title,合作夥伴,合作伙伴,Business Partner,Cộng sự hợp tác,パートナー,파트너사,พันธมิตร,Partner Bisnis
commodity_info_title,連結,连结,Link,Liên kết,リンク,링크,ลิงค์,Tautan
commodity_info_creator,創建者,创建者,Creator,Người thiết lập,作成者,생성자,ผู้สร้าง,Kreator
commodity_info_publisher,發行者,发行者,Issuer,Người phát hành,発行者,발행자,Issuer,Penerbit
commodity_info_info,說明,说明,Info,Giới thiệu,說明,설명,คำอธิบาย,Info
commodity_info_type_vote,問卷調查,問卷調查,Questionnaire,Câu hỏi điều tra,アンケート調査,설문 조사,แบบสอบถาม,Kuesioner
commodity_info_type_system,系統貨幣,系统货币,System Currency,Hệ thống xu,システム通貨,시스템 코인,ระบบสกุลเงิน,Sistem mata uang
commodity_info_type_digital,數位貨幣,数位货币,Digital Currency,Xu kỹ thuật số,デジタル通貨,디지털 코인,สกุลเงินดิจิทัล,Mata uang digital
commodity_info_type_virtual,虛擬寶物,虚拟宝物,Virtual Treasure,Bảo vật ảo,バーチャルアイテム,가상보물,สมบัติเสมือน,Harta karun virtual
commodity_info_type_voucher,實體票券,实体票券,Voucher,Vé vật lý,リアルチケット,실체 쿠폰,ตั๋วจริง,Voucher
commodity_info_type_eTicket,數位票券,数位票券,Digital Ticket,Vé số kỹ thuật số,デジタルチケット,디지털 티켓,ตั๋วดิจิทัล,Tiket digital
commodity_info_type_id,身份識別,身份识别,Identification,Nhận dạng,ID識別,식별카드,บัตรประจำตัว,Identifikasi
commodity_info_type_number,序號,序号,Serial Number,Số seri,シリアル番号,쿠폰 번호,หมายเลขซีเรียล,Nomor Serial
commodity_info_type_qrcode,QR Code,二维码,QR Code,Mã QR,QRコード,QrCode,คิวอาร์โค้ด,QR Code
commodity_info_type_digital_object,數位物品,数位物品,Digital Item,Vật phẩm kỹ thuật số,デジタルアイテム,디지털 아이템,สินค้าดิจิทัล,Barang Digital
commodity_info_scan_viaQPP,掃描條碼從QPP開啟,扫描条码开启QPP,Scan the QRcode to open the QPP.,Quét mã để mở QPP,コードをスキャンして、QPPを開いてください。,코드를 스캔하여 QPP앱을 오픈하세요.,สแกนบาร์โค้ดเพื่อเปิดQPP,Scan QR-Code untuk membuka QPP
commodity_info_scan_viaQPP_received,掃描條碼從QPP開啟領取,扫描条码从QPP开启领取,Scan barcode to launch QPP and obtain it.,Quét mã xác nhận từ QPP để nhận,QRコードをスキャンし、QPPから受け取りましょう。,QR코드를 스캔하여 QPP오픈 후 수령하기,สแกนบาร์โค้ดเพื่อเปิดรับจาก QPP,Scan barcode utk membuka QPP
commodity_info_scan_download,掃描條碼前往下載,扫描条码前往下载,Scan the barcode to download.,Quét mã QR để tải,QRコードをスキャンし、ダウンロードに進めましょう。,QR코드를 스캔하여 다운로드 받기,สแกนบาร์โค้ดเพื่อดาวน์โหลด,Scan barcode untuk mengunduh
commodity_info_launch_QPP,請開啟QPP應用程式繼續執行步驟,请开启QPP应用程式继续执行步骤,Please open the QPP to process the further step.,Mời mở ứng dụng QPP tiếp tục thực hiện theo các bước,QPPを開き、次のステップを続けてください。,QPP앱을 오픈하여 절차를 계속 실행하세요,โปรดเปิดQPPแล้วดำเนินขั้นตอนต่อ,Buka QPP untuk melihat data pribadi
commodity_info_status,狀態,状态,Status,Trạng thái,状態,상태,สถนะ,Status
commodity_info_vote_now,進行中,进行中,Ongoing,Đang tiến hành,進行中,진행 중,กำลังดำเนิน,Sedang berlangsung
commodity_info_vote_finished,已結束,已结束,Ended,Đã kết thúc,終了,종료되었습니다,สิ้นสุดแล้ว,Berakhir
commodity_info_vote_expired,已過期,已过期,Expired,Đã hết hạn,期間切れ,기한이 지났습니다,หมดอายุแล้ว,Melewati masa berlaku
commodity_info_expriy,截止,截止,Expiry,Dừng,締め切り,마감,หมดเวลา,Berakhir
commodity_info_vote_number,投票人數,投票人数,Vote Count,Số lượng người bỏ phiếu,投票人数,투표 인원 수,จำนวนคนโหวต,Penghitungan Suara
commodity_info_vote_summary,問卷簡介,问卷简介,Questionnaire Info,Giới thiệu bản trắc nghiệm,アンケート説明,설문 조사 소개,ข้อมูลแบบสอบถาม,Info Kuesioner
commodity_info_vote_total,目前統計,目前统计,Current Results,Hiện tại thống kê,現在集計,현재 통계,สถิติปัจจุบัน,Hasil sementara
commodity_info_vote_result,統計結果,统计结果,Statistic Results,Kết quả thống kê,集計結果,통계 결과,ผลสถิติ,Hasil statistik
commodity_info_vote_after,投票結果將於結束後公佈,投票结果将于结束后公布,Results will be announced after voting ends.,Kết thúc bỏ phiếu sẽ công bố kết quả,投票結果は終了後に発表します。,투표 결과는 종료 후에 발표할것입니다.,ผลการโหวตจะประกาศตอนโหวดสิ้นสุด,Hasil akan diumumkan setelah voting berakhir.
commodity_info_vote_over,統計已超過保存期限，故無紀錄,统计已超过保存期限，故无纪录,No record due to the statistical result reservation period is over.,"Thống kế đã vượt qua thời hạn, không thể lưu ghi nhớ",集計は期間切れたため、履歴がありません。,통계 데이터 이미 보존 기한이 지나서 기록을 남아 있지 않습니다.,เกินเวลาจัดเก็บสถิติแล้ว ไม่พบบันทึก,Tidak ada record karena hasil statistik telah berakhir.
commodity_info_people,人數,人数,Vote Count,Số người,人数,인원 수,จำนวนคน,Penghitungan Suara
commodity_info_vote_yet,尚有未完成的投票選項,尚有未完成的投票选项,You have an unfinished vote option.,Có mục bỏ phiếu chưa được hoàn thành,未完成の投票オプションがあります。,아직 투표 완료되지 않은 항목은 있습니다.,ยังมีโครงการโหวตที่ยังไม่เสร็จสิ้นสิ่ง,Anda memiliki pemungutan suara yang belum selesai.
commodity_info_vote_submit,送出,送出,Submit,Chuyển đi,送った,발송,ส่ง,Kirim
commodity_info_vote_login,登入投票,登入投票,Login & Vote,Đăng nhập& bỏ phiếu,ログイン投票,로그인하여 투표하기,ล็อกอินเพื่อโหวต,Login & Pemungutan suara
commodity_info_vote_login_p,欲進行投票，請先登入QPP APP,欲进行投票，请先登入QPP APP,"If you want to vote, please login QPP APP first.","Để bỏ phiếu, vui lòng đăng nhập QPP APP",投票を行うためには、QPPをログインしてください。,투표를 진행하시려면 우선 QPP APP을 로그인하세요,ถ้าจะโหวต โปรดล็อกอินแอป QPP ก่อน,"Jika anda ingin melakukan pemungutan suara, Silahkan login APP QPP dahulu."
commodity_info_vote_success,投票成功,投票成功,Your vote has been successfully submitted.,Bỏ phiếu thành công,投票成功,투표에 성공합니다,โหวตสำเร็จ,Pemilihan suara anda telah berhasil dikirimkan
commodity_info_vote_success_p,將於APP收到歷程紀錄，投票結果依照創建者設定公布結果,将于APP收到历程纪录，投票结果依照创建者设定公布结果,"You will receive a record in your APP, the vote results will show by the way that the creator chose.","Đưa APP vào lịch sử ghi nhớ, kết quả bỏ phiếu dựa vào kết quả công bố của người thiết lập",APPで履歴を受け取り、投票結果は作成者の設定によって発表します。,APP에서 이력 기록을 수령할 것이며 투표 결과 생성자 설치에 따라 결과 발표할 것입니다.,คุณจะได้รับบันทึกจากแอป ประกาศผลโหวตตามการตั้งค่าของผู้สร้าง,"Anda akan menerima record di APP Anda, hasil pemungutan suara akan ditampilkan dengan cara yang dipilih oleh pembuatnya."
commodity_info_vote_fault,投票失敗,投票失败,Your vote failed to submit.,Bỏ phiếu thất bại,投票失敗,투표에 실패합니다.,คุณโหวตล้มเหลว,Hasil pemilihan suara anda gagal dikirim
commodity_info_vote_cannot,無法投票,无法投票,You cannot vote anymore.,Không thể bỏ phiếu,投票が出来ません,투표할 수 없습니다.,คุณไม่สามารถโหวต,Anda tidak dapat memilih
commodity_info_vote_error9,此物品不可投票，請聯繫客服,此物品不可投票，请联系客服,"This item cannot process a vote function, please contact customer service.","Vật phẩm này không thể bỏ phiếu, vui lòng liên lạc với trung tâm CSKH",当該アイテムは投票できません。<br />カスタマサポートへご連絡ください。,해당 물품은 투표할 수 없습니다.고객서비스 센터로 연락하여 주시길 바랍니다,สินค้านี้ไม่สามารถโหวต โปรดติดต่อฝ่ายบริการลูกค้า,"Item ini tidak dapat memproses fungsi voting, harap hubungi layanan pelanggan."
commodity_info_vote_error12,資料錯誤，請聯繫客服,资料错误，请联系客服,"The vote data went wrong, please contact customer service.","Dữ liệu bỏ phiếu lỗi, vui lòng liên lạc với trung tâm CSKH",投票資料にエラーが発生したため、カスタマサポートへご連絡ください。,투표 정부 오류입니다.고객서비스 센터로 연락하여 주시길 바랍니다,ข้อมูลผิดพลาด โปรดติดต่อฝ่ายบริการลูกค้า,"Data pemungutan suara salah, silakan hubungi customer service"
commodity_info_vote_error18,投票過程發生問題，請稍後重新嘗試,投票过程发生问题，请稍后重新尝试,"An error occurred during the vote process, please try again later.","Quá trình bỏ phiếu phát sinh lỗi, vui lòng thử lại sau",投票時にエラーが発生したため、しばらく時間を置いてから再度お試しください。,투표 과정에 문제가 발생되어 잠시 후 다시 시도하여 주시길 바랍니다,เกิดปัญหาในระหว่างการโหวต โปรดลองอีกครั้งในภายหลัง,"Terjadi kesalahan selama proses pemungutan suara, harap coba beberapa saat lagi"
commodity_info_vote_error22,此帳號被停權，無法進行投票,此帐号被停权，无法进行投票,This account cannot vote because the account has been terminated.,"Tài khoản này đã bị dừng, không thể tham gia bỏ phiếu",アカウントが制限されてますので、投票できません。,해당 계정은 권리 중지 제재되었으니 투표를 진행할 수 없습니다,บัญชีนี้ถูกระงับ ไม่สามารถโหวต,Akun ini tidak dapat memilih suara karena telah di hentikan
commodity_info_vote_error30,伺服器忙碌中，請稍後重新嘗試,伺服器忙碌中，请稍后重新尝试,"Server is busy, please try again later.","Máy chủ đang bận, vui lòng thử lại sau",サーバーが混雑しています。しばらく時間を置いてから再度お試しください。,지금 서버가 바쁩니다 잠시후 다시 시도하여 주시길 바랍니다,เซิร์ฟเวอร์ไม่ว่าง โปรดลองอีกครั้งในภายหลัง,"Server sedang sibuk, silahkan coba  lagi "
commodity_info_vote_error72,因您為問卷創建者，會帶您前往統計結果,因您为问卷创建者，会带您前往统计结果,System will redirect you to the statistical results due to you being the creator.,"Vì bạn là người đưa ra câu hỏi, sẽ đưa bạn tới kết quả thống kế",アンケート作成者であるため、集計結果へ移動されます。,설문 조사 생성자이니 통계 결과로 안내드리겠습니다.,เพราะคุณเป็นผู้สร้างแบบสอบถาม จะพาคุณไปที่ผลสถิติ,Sistem akan mengarahkan anda ke hasil statistik karena anda adalah pembuatnya.
commodity_info_vote_error73,投票時間已截止，帶您前往統計結果,投票时间已截止，带您前往统计结果,"The vote time is over, redirecting you to the results.","Thời gian bỏ phiếu đã chấm dứt, Bạn có thể tiến tới xem kết quả",投票時間が終了したため、統計結果へ移動します。,투표 시간이 마감되며 통계 결과 페이지로 이동합니다,เวลาโหวตสิ้นสุด จะพาคุณไปสู่ผลสถิติ,"Waktu pemungutan suara telah berakhir, mengarahkan anda langsung ke hasil"
commodity_info_vote_error74,您已投過票，帶您前往統計結果,您已投过票，带您前往统计结果,"You already vote for it, the system will redirect you to the results.","Bạn đã bỏ phiếu, đến kết quả thống kê",投票したため、集計結果へ移動されます。,이미 투표하셨습니다.통계 결과로 안내드리겠습니다.,คุณได้โหวตแล้ว จะพาคุณไปสู่ผลสถิติ,"Anda telah memilih, sistem akan mengarahkan ke hasil."
commodity_info_vote_qrcodeOverdue,QR Code驗證時間已逾期，請重新嘗試,QR Code验证时间已逾期，请重新尝试,"QR Code authentication time expired, please try again.","Thời gian xác thực mã QR code đã hết hạn, vui lòng thử lại ",QRコードの認証期限が切れたため、もう一度お試しください。,"QR Code 인증 기간이 지났습니다, 다시 시도해 주세요.",เวลายืนยันQR Code หมดอายุแล้ว โปรดลองใหม่,"Waktu autentikasi QR-code telah habis, harap coba lagi."
commodity_info_vote_enter,確定,确定,Confirm,Xác nhận,確定,확인,ยืนยัน,Mengonfirmasi
commodity_info_more,更多,更多,More,Nhiều hơn,もっと見る,더보기,เพิ่มเติม,Selanjutnya
commodity_info_countdown,(登入倒數：,(登入倒数：,Login Countdown:,(Thời gian đăng nhập đếm ngược:,(ログインカウントダウン：,(로그인 카운트：,(ล็อกอินนับถอยหลัง:,(Login countdown:
commodity_info_seconds,秒),秒),second(s),s),秒),초),วินาที),detik)
commodity_info_notice,請注意,请注意,Warning,Cảnh báo,注意,경고,คำเตือน,Peringatan
commodity_info_category,類別,类别,Category,Loại,カテゴリー,유별,ประเภท,Kategori
footer_companyName,快鏈科技,快链科技,"HOLY BUSINESS CO., LTD","HOLY BUSINESS CO., LTD","HOLY BUSINESS CO., LTD","HOLY BUSINESS CO., LTD","HOLY BUSINESS CO., LTD","HOLY BUSINESS CO., LTD"
footer_taxID,統一編號,统一编号,Tax ID Number,Mã số thuế,統一番号,사업자등록번호,เลขจดทะเบียนธุรกิจ,tax ID number
footer_customerServiceEmail,客服信箱,客服信箱,Customer Service E-mail,Email CSKH,お問い合わせメール,고객 센터 이메일,อีเมลฝ่ายบริการลูกค้า,E-mail Customer Service
footer_businessProposalEmail,商務合作信箱,商务合作信箱,Business Proposal E-mail,Email nhà hợp tác,業務提携お問い合わせ,콜라보 우편함,อีเมลข้อเสนอทางธุรกิจ,E-mail Business Proposal
footer_link,連結,连结,Link,Liên kết,リンク,링크,ลิงค์,Tautan
footer_terms,條款,条款,Terms,Điều khoản,規約,약관,เงื่อนไข,Terms
footer_privacyPolicy,隱私權政策,隐私权政策,Privacy Policy,Chính sách bảo mật,プライバシーポリシー,프라이버시 정책,นโยบายความเป็นส่วนตัว,Privacy Policy
footer_termsOfService,使用者條款,使用者条款,Terms of Service,Điều khoản người sử dụng,利用規約,서비스계약,เงื่อนไขการให้บริการ,Terms of Service
footer_download,下載,下载,Download,Tải,ダウンロード,다운로드,ดาวน์โหลด,Download
privacy_title,隱私權政策,隐私权政策,Privacy Policy,Chính sách bảo mật,プライバシーポリシー,프라이버시 정책,Privacy Policy,Privacy Policy
privacy_p,"本隱私權政策適用於HOLY BUSINESS CO., LTD(以下稱「本公司」或「我們」)於 https://www.qpptec.com/ 網站提供的「QPP」平台服務(以下稱「本服務」)。當您開始使用本服務時，即表示您已閱讀、瞭解並同意本公司隱私權政策。本隱私權政策為使用者條款之一部。<span class='text-yellow-100'>請注意！因為本服務提供會員平台服務，會員帳號將為您的手機門號，即您個人資料有可能會被揭露予第三人或被第三人利用，如果您不同意，<u>請立即停止註冊</u>。</span>","本隐私权政策适用于HOLY BUSINESS CO., LTD(以下称「本公司」或「我们」)于 https://www.qpptec.com/ 网站提供的「QPP」平台服务(以下称「本服务」)。当您开始使用本服务时，即表示您已阅读、了解并同意本公司隐私权政策。本隐私权政策为使用者条款之一部。<span class='text-yellow-100'>请注意！因为本服务提供会员平台服务，会员帐号将为您的手机门号，即您个人资料有可能会被揭露予第三人或被第三人利用，如果您不同意，<u>请立即停止注册</u>。</span>","This Privacy Policy is for HOLY BUSINESS CO., LTD(「HOLY BUSINESS」or「we/our/us」in the following statement) provided at https://www.qpptec.com/ website’s「QPP」Platform Service(「The Service」in the following statement). When you start to use The Service, it means you already read, know, and agree to our Privacy Policy. This Privacy Policy is a part of our User Terms of Service. <span class='text-yellow-100'>Please Notice! Due to The Service provides membership platform service, your cell phone number will be your membership account, which could possibly be revealed to or used by third party, if you disagreed about this, <u>please stop registration immediately</u>.</span>","Chính sách bảo mật này áp dụng cho dịch vụ nền tảng「QPP」 được cung cấp bởi HOLY BUSINESS CO., LTD (sau đây gọi là 「Công ty」 hoặc「Chúng tôi」) trên trang web https://www.qpptec.com/ trang web cung cấp nền tảng dịch vụ「QPP」(sau đây được gọi là「Dịch vụ 」 ). Khi bạn bắt đầu sử dụng dịch vụ này, có nghĩa là bạn đã đọc, hiểu và đồng ý với chính sách bảo mật của công ty. Chính sách bảo mật này là một phần của điều khoản người dùng. Xin lưu ý! Vì dịch vụ này cung cấp dịch vụ nền tảng , tài khoản thành viên sẽ là số điện thoại di động của bạn, tức là thông tin cá nhân của bạn có thể bị người thứ ba tiếp xúc hoặc lợi dụng, nếu không đồng ý, vui lòng ngừng đăng ký ngay.","本プライバシーポリシーは（以下「本ポリシー」といいます）OLY BUSINESS CO., LTD(以下「当社」といいます)が https://www.qpptec.com/ で提供している「QPP」プラットホームサービス(以下「本サービス」といいます)に適用されます。本サービスをご利用いただいた際は、本ポリシーをよくお読みいただいた上で同意いただけたとみなします。本ポリシーは利用規約の条項の一部分でございます。<span class='text-yellow-100'>ご注意ください！本サービスはプラットホームのメンバーにサービスを提供するため、会員アカウントはユーザーの携帯番号になります。すなわち、ユーザーの個人情報は第三者に開示されたり、利用される可能性はございますので、同意いただけない場合、すぐに新規登録をお止めください。</span>","본 프라이버시 정책은HOLY BUSINESS CO., LTD  (이하「회사」혹은「저희」) https://www.qpptech.com 사이트에 제공하는「QPP」플랫폼 서비스(이하「서비스」)에 적용합니다.본 서비스를 이용하기 시작할 때 즉 본 약관을 읽고 이해하고 동의한 것으로 간주합니다.본 프라이버시 정책은 이용 약관의 일부입니다. <span class='text-yellow-100'>주의！본 서비스는 회원에게 서비스를 제공하는 플랫폼입니다.회원 아이디는 님의 핸드폰 전화로 설정하며 즉 개인 정보를 제 삼자에게 공개되거나 이용당할 수 있으니 동의하지 않으면 등록 절차 <u>즉시 중단하시길 바랍니다</u>.</span>","This Privacy Policy is for HOLY BUSINESS CO., LTD(「HOLY BUSINESS」or「we/our/us」in the following statement) provided at https://www.qpptec.com/ website’s「QPP」Platform Service(「The Service」in the following statement). When you start to use The Service, it means you already read, know, and agree to our Privacy Policy. This Privacy Policy is a part of our User Terms of Service. <span class='text-yellow-100'>Please Notice! Due to The Service provides membership platform service, your cell phone number will be your membership account, which could possibly be revealed to or used by third party, if you disagreed about this, <u>please stop registration immediately</u>.</span>","This Privacy Policy is for HOLY BUSINESS CO., LTD(「HOLY BUSINESS」or「we/our/us」in the following statement) provided at https://www.qpptec.com/ website’s「QPP」Platform Service(「The Service」in the following statement). When you start to use The Service, it means you already read, know, and agree to our Privacy Policy. This Privacy Policy is a part of our User Terms of Service. <span class='text-yellow-100'>Please Notice! Due to The Service provides membership platform service, your cell phone number will be your membership account, which could possibly be revealed to or used by third party, if you disagreed about this, <u>please stop registration immediately</u>.</span>"
privacy_paragraph_1_title,一、蒐集之目的,一、搜集之目的,1. The Purpose of Personal Information Collection,1. Mục đích thu thập,1. 情報を収集する目的,1. 개인 정보 수집 목적,1. The Purpose of Personal Information Collection,1. The Purpose of Personal Information Collection
privacy_paragraph_1_p_1,我們蒐集您個人資料之目的，在於提供並完善本服務，並且規劃訂製我們提供的服務項目。,我们搜集您个人资料之目的，在于提供并完善本服务，并且规划订制我们提供的服务项目。,"The purpose of personal information collection is to provide,  improve, and plan our service option. ","Mục đích chúng tôi thu thập dữ liệu các nhân của bạn, để cung cấp một dịch vụ thêm phần hoàn thiện, đồng thời lập thiết lập kế hoạch các hạng mục chúng tôi cần cung cấp phục vụ.",ユーザーの個人情報を収集する目的は、サービスの提供と改善、及び提供する項目の作成と計画することでございます。,"저희가 개인 정보를 수집하는 것은 본 서비스를 완선하여 서비스 항목을 기획하며 만드는 것을 제공하기 위합니다.개인 정보 제공 없이 저희가 제공하는 서비스를 방문하며 이용할 수 있습니다만 본 서비스 이용을 선택 시 님의 연락 방식,식별 혹은 납부 방식등 개인정보를 제공 요청하겠습니다.님이 저희 웹사이트에 있는 행위에 따라 해당 정보를 작동으로 수집하여 회원인수,취미 및 행위 모드등의 연구에 이용하며 더 좋은 서비스를 제공하도록 하겠습니다.또한 제 삼자의 링크(예를 들면 광고 등)를 접속할 수 있으니 행당 프라이버시 보호는 제 삼자의 프라이버시 정책을 참조하시길 바랍니다.","The purpose of personal information collection is to provide,  improve, and plan our service option. ","The purpose of personal information collection is to provide,  improve, and plan our service option. "
privacy_paragraph_1_p_2,您可以瀏覽及使用我們所提供的服務而不須揭露任何個人的資料，如果您選擇使用本服務，我們可能要求您提供聯繫、辨認或付款等等個人資料。,您可以浏览及使用我们所提供的服务而不须揭露任何个人的资料，如果您选择使用本服务，我们可能要求您提供联系、辨认或付款等等个人资料。,"You can view and use our service without reveal your personal information in some situation, but if you choose to use The Service, we may request you to provide contact, recognizable, payment information, etc.","Bạn có thể duyệt và sử dụng các dịch vụ mà chúng tôi cung cấp mà không để lộ bất kỳ thông tin cá nhân. Nếu bạn chọn sử dụng dịch vụ này, chúng tôi có thể yêu cầu bạn cung cấp thông tin cá nhân như liên hệ, thẻ nhận danh hoặc thanh toán...",個人情報を開示しない下で本サービスのご閲覧・ご利用いただくことができます。本サービスをご利用いただく場合、連絡・認証・支払などの個人情報を要求することがございます。,,"You can view and use our service without reveal your personal information in some situation, but if you choose to use The Service, we may request you to provide contact, recognizable, payment information, etc.","You can view and use our service without reveal your personal information in some situation, but if you choose to use The Service, we may request you to provide contact, recognizable, payment information, etc."
privacy_paragraph_1_p_3,我們也可能會依據您在我們網站上的行為自動蒐集相關資料，用於我們的會員人數統計、興趣及行為模式等研究，以為您提供更好的服務。,我们也可能会依据您在我们网站上的行为自动搜集相关资料，用于我们的会员人数统计、兴趣及行为模式等研究，以为您提供更好的服务。,"We may auto collect your information on our website based on your activity, we will use it to research user behavior module, member count, and user hobby, in order to provide better service.","Chúng tôi cũng có thể tự động thu thập thông tin có liên quan dựa trên các hành vi của bạn trên trang web của chúng tôi để tự động thu tập dữ liệu liên quan nhằm sử dụng thống kê số liệu nghiên cứu như hội viên, sở thích và kiểu hành vi …., để cung cấp cho bạn các dịch vụ tốt hơn.",また、より良好なサービスをご提供するため、ウェブサイトでユーザーがした行動に関する資料を収集し、人数の統計・興味及び行動パターンに研究いたします。,,"We may auto collect your information on our website based on your activity, we will use it to research user behavior module, member count, and user hobby, in order to provide better service.","We may auto collect your information on our website based on your activity, we will use it to research user behavior module, member count, and user hobby, in order to provide better service."
privacy_paragraph_1_p_4,此外，您可能會接觸到第三方在我們網站上的連結(如廣告等)，相關的隱私權保護，請參考該第三方的隱私權政策。,此外，您可能会接触到第三方在我们网站上的连结(如广告等)，相关的隐私权保护，请参考该第三方的隐私权政策。,"Besides, you may see third party’s link on our website(for example, ads), for the related Privacy Policy, please go check the third party’s privacy policy.","Ngoài ra, bạn có thể tiếp xúc với các liên kết của bên thứ ba trên trang web của chúng tôi (chẳng hạn như quảng cáo, ...) Để bảo vệ quyền bảo mật liên quan, vui lòng tham khảo chính sách bảo mật của bên thứ ba.",なお、当社のウェブサイトで第三者のリンク（広告など）に接触する可能性がございます。関連するプライバシー保護については、第三者のプライバシーポリシーをご参照ください。,,"Besides, you may see third party’s link on our website(for example, ads), for the related Privacy Policy, please go check the third party’s privacy policy.","Besides, you may see third party’s link on our website(for example, ads), for the related Privacy Policy, please go check the third party’s privacy policy."
privacy_paragraph_2_title,二、資料蒐集之類別,二、资料搜集之类别,2. The Categories of Personal Information Collection,2. Các loại thu thập dữ liệu,2. 情報を収集する種類,2. 정보 수집 유별,2. The Categories of Personal Information Collection,2. The Categories of Personal Information Collection
privacy_paragraph_2_p,在您使用本服務時，本公司將可能蒐集下列類別之資料：,在您使用本服务时，本公司将可能搜集下列类别之资料：,"When you use QPP Service, HOLY BUSINESS may collect the data as follows;","Khi bạn sử dụng dịch vụ này, công ty có thể thu thập các loại thông tin sau:",ユーザーが本サービスをご利用いただく際、当社は下記の種類の情報を収集することがございます。,본 서비스 이용시 아래 유별과 같은 정보 수집 가능 합니다：,"When you use QPP Service, HOLY BUSINESS may collect the data as follows;","When you use QPP Service, HOLY BUSINESS may collect the data as follows;"
privacy_paragraph_2_li_1,個人資料<br/>在您使用本公司開發及經營之應用程式時，本公司可能蒐集您提供之特定資訊，包含但不限於國家或居住地區、語言設定、手機門號等資訊。,个人资料<br />在您使用本公司开发及经营之应用程式时，本公司可能搜集您提供之特定资讯，包含但不限于国家或居住地区、语言设定、手机门号等资讯。,"Personal Information<br />When you use the application that developed and operated by HOLY BUSINESS, HOLY BUSINESS might collect specific information, including but not limited to country, language setting, phone number, etc.","Thông tin cá nhân<br />Khi bạn sử dụng các ứng dụng do công ty phát triển và vận hành, công ty có thể thu thập thông tin thông tin đặc biệt của bạn, bao gồm nhưng không giới hạn bởi thông tin như quốc gia hoặc khu vực dân cư, cài đặt ngôn ngữ, số điện thoại di động...",個人情報<br />ユーザーが当社により開発・運営するアプリケーションを使用する時に、当社はユーザーがご提供いただいた特定情報を収集することがございます。それは国および居住地域・言語設定・公開名およびサポートセンターへのコメント等を含みますがこれらに限定されません。,"개인 정보<br />저희가 개발 및 운영하는 응용 프로그램을 이용 시 님이 제공하는 특정 정보를 수집할 수 있습니다만 국가 혹은 거주지역,언어 설정, 핸드폰 번호등 정보를 제외합니다. ","Personal Information<br />When you use the application that developed and operated by HOLY BUSINESS, HOLY BUSINESS might collect specific information, including but not limited to country, language setting, phone number, etc.","Personal Information<br />When you use the application that developed and operated by HOLY BUSINESS, HOLY BUSINESS might collect specific information, including but not limited to country, language setting, phone number, etc."
privacy_paragraph_2_li_2,與行動裝置及連線環境相關之資訊<br />本公司可能從您的行動裝置，蒐集與行動裝置及連線環境相關之資訊，例如產品型號、作業系統、網際網路服務提供者、行動裝置設定、IP位址及其他行動裝置所獨有而可供辨識之資訊。,与行动装置及连线环境相关之资讯<br />本公司可能从您的行动装置，搜集与行动装置及连线环境相关之资讯，例如产品型号、作业系统、网际网路服务提供者、行动装置设定、IP位址及其他行动装置所独有而可供辨识之资讯。,"Mobile Device and Connection Related Information<br />HOLY BUSINESS may collect mobile device or connection related information from your mobile device, for example, type of device, operating system, internet service provider, mobile device setting, IP address, and other recognizable information.","Thông tin liên quan đến thiết bị di động và môi trường kết nối<br />Công ty có thể thu thập thông tin liên quan đến thiết bị di động và môi trường kết nối từ thiết bị di động của bạn, chẳng hạn như kiểu sản phẩm, hệ điều hành, nhà cung cấp dịch vụ Internet, cài đặt thiết bị di động, địa chỉ IP và thông tin có thể nhận dạng duy nhất trên thiết bị di động khác.",モバイルデバイスおよび接続環境に関する情報<br />当社はユーザーのモバイルデバイスから、モバイルデバイスおよび接続環境に関する情報を収集することがございます。例えば型番・OS・インターネットプロバイダー・モバイルデバイスの設定内容・IPアドレスおよびその他モバイルデバイス固有で識別するのに利用される情報です。,"모바일 장치 및 접속 환경과의 해당 정보<br />저희가 님의 모바일 장치에서 모바일 장치 및 접속 환경의 해당 정보 예를 들면 상품형,작업시스템,온라인 서비스 제공자,모바일 장치 설정,IP주소 및 다른 모바일 장치가 제공하는 식별 정보등을 수집할 수 있습니다. ","Mobile Device and Connection Related Information<br />HOLY BUSINESS may collect mobile device or connection related information from your mobile device, for example, type of device, operating system, internet service provider, mobile device setting, IP address, and other recognizable information.","Mobile Device and Connection Related Information<br />HOLY BUSINESS may collect mobile device or connection related information from your mobile device, for example, type of device, operating system, internet service provider, mobile device setting, IP address, and other recognizable information."
privacy_paragraph_2_li_3,與您的使用及您與其他會員互動之相關資訊<br />在您使用本服務，或與其他會員於平台互動時，本公司可能蒐集您提供之資訊（包括但不限於商品資訊、聯絡資訊等）相關資訊。,与您的使用及您与其他会员互动之相关资讯<br />在您使用本服务，或与​​其他会员于平台互动时，本公司可能搜集您提供之资讯（包括但不限于商品资讯、联络资讯等）相关资讯。,"Activity and Social Related  Information<br />When you use The Service, or doing social activity with other member, HOLY BUSINESS may collect the related information provided by you(including but not limited to product information, contact information, etc.).","Thông tin liên quan đến việc sử dụng của bạn và sự tương tác của bạn với các thành viên khác<br />Khi bạn sử dụng dịch vụ này hoặc tương tác với các thành viên khác trên nền tảng, công ty có thể thu thập thông tin về thông tin bạn cung cấp (bao gồm nhưng không giới hạn ở thông tin sản phẩm, thông tin liên hệ,...",ユーザーの利用状況および他ユーザーとの交流に関する情報<br />ユーザーが本サービスを利用し、または他のユーザーとプラットホーム上で交流する際、当社はユーザーがご提供いただいた情報を収集することがございます。（商品情報・連絡情報など含みますがこれらに限定されません。）,"님의 사용 및 다른 회원들과의 소통 등의 해당 정보<br />본 서비스를 이용 시 혹은 다른 회원들과 플랫폼에서 소통할 때는 저희는 님이 제공하는 정보(포함 단 아이템 정보,연락 정보에 제한하 지않음)해당정보를 수집할 수 있습니다. ","Activity and Social Related  Information<br />When you use The Service, or doing social activity with other member, HOLY BUSINESS may collect the related information provided by you(including but not limited to product information, contact information, etc.).","Activity and Social Related  Information<br />When you use The Service, or doing social activity with other member, HOLY BUSINESS may collect the related information provided by you(including but not limited to product information, contact information, etc.)."
privacy_paragraph_2_li_4,與交易相關之資訊<br />您使用本服務時，本公司可能會蒐集交易及付款相關資訊。,与交易相关之资讯<br />您使用本服务时，本公司可能会搜集交易及付款相关资讯。,"Trade Related Information<br />When you use The Service, HOLY BUSINESS may collect trade and payment related information.","Dữ liệu giao dịch liên quan<br />Khi bạn sử dụng dịch vụ này, công ty có thể thu thập thông tin liên quan đến giao dịch và thanh toán.",取引に関する情報<br />ユーザーが本サービスをご利用いただく際、当社は取引及び支払に関する情報を収集することがございます。,거래와의 해당 정보<br />본 서비스를 이용 시 거래 및 납부의 해당 정보를 수집할 수 있습니다.,"Trade Related Information<br />When you use The Service, HOLY BUSINESS may collect trade and payment related information.","Trade Related Information<br />When you use The Service, HOLY BUSINESS may collect trade and payment related information."
privacy_paragraph_2_li_5,與您在第三方服務之帳號相關之資訊<br />在您將本公司開發及經營之應用程式與第三方服務連結時，本公司可能蒐集您於該第三方服務之帳號相關資訊，例如登入認證、個人檔案及好友關係等。,与您在第三方服务之帐号相关之资讯<br />在您将本公司开发及经营之应用程式与第三方服务连结时，本公司可能搜集您于该第三方服务之帐号相关资讯，例如登入认证、个人档案及好友关系等。,"Third Party Account Related Information<br />When you use the application that developed or operated by HOLY BUSINESS, HOLY BUSINESS may collect your third party account related information, for example, login certification, personal profile, friend list, etc.","Thông tin liên quan đến tài khoản của bạn trong các dịch vụ của bên thứ ba<br />Khi bạn sử dụng và vận hành ứng của của chúng tôi kết nối với đường liên kết bởi bên thứ ba, công ty chúng tôi có thể thu thập thông tin liên quan của bạn trong các dịch vụ của bên thứ ba chẳng hạn như thông tin đăng nhập, tệp cá nhân và quan hệ bạn bè.",サードパーティーサービスにおけるユーザーのアカウントに関する情報<br />当社により開発・運営するアプリケーションでユーザーがサードパーティーサービスに接続する時、当社はサードパーティーサービスのアカウントに関する情報を収集することがございます。例えばサインイン認証・プロフィールおよび友だち関係等です・,"님은 제 삼자 서버스의 아이디와의 해당 정보    <br />저희가 개발 및 운영하는 응용 프로그램와 제 삼자 서비스를 연결 시킬 때 저희는 님이 제 삼자 서비스에 만든 아이디의 해당 정보 예를 들면 로그인 인증,개인 정보 및 친구 관계 등 정보를 수집할 수 있습니다.","Third Party Account Related Information<br />When you use the application that developed or operated by HOLY BUSINESS, HOLY BUSINESS may collect your third party account related information, for example, login certification, personal profile, friend list, etc.","Third Party Account Related Information<br />When you use the application that developed or operated by HOLY BUSINESS, HOLY BUSINESS may collect your third party account related information, for example, login certification, personal profile, friend list, etc."
privacy_paragraph_3_title,三、資料利用之期間、地區、對象及方式,三、资料利用之期间、地区、对象及方式,"3. The Period, Area, Object, and Purpose of Data Usage","3. Thời gian, khu vực, đối tượng và phương pháp sử dụng dữ liệu",3. 情報使用の期間・地域・対象および方式,"3. 정보 이용 기간,지역,대상 및 방식","3. The Period, Area, Object, and Purpose of Data Usage","3. The Period, Area, Object, and Purpose of Data Usage"
privacy_paragraph_3_li_1,利用期間<br />除法律另有規定者外，本公司將於您使用本服務期間內利用您的個人資料，至本服務結束或至您提出停止使用之請求時為止。,利用期间<br />除法律另有规定者外，本公司将于您使用本服务期间内利用您的个人资料，至本服务结束或至您提出停止使用之请求时为止。,"Period<br />Unless laws have specific norm, HOLY BUSINESS will use your personal information in the period of The Service usage, until the end of The Service or you request to stop.","Thời gian sử dụng<br />Trừ khi pháp luật có quy định khác, công ty sẽ sử dụng dữ liệu cá nhân của bạn trong quá trình bạn sử dụng dịch vụ này cho đến khi kết thúc dịch vụ này hoặc cho đến khi bạn yêu cầu ngừng sử dụng.",使用期間<br />法律で別途規定がある場合を除き、本サービスをユーザーが利用する期間にユーザーの個人情報を当社が使用できるものとし、本サービスを終了するあるいはユーザーによりご利用を停止するご請求を提出する時までとします。,이용 기간<br />법률에 따로 규정이 있는 경우를 제외하고는 님이 본 서비스를 이용 시작하기부터 본 서비스를 종료 혹은 중지 사용 신청할 때까지 님의 개인 정보를 이용할 수 있습니다.,"Period<br />Unless laws have specific norm, HOLY BUSINESS will use your personal information in the period of The Service usage, until the end of The Service or you request to stop.","Period<br />Unless laws have specific norm, HOLY BUSINESS will use your personal information in the period of The Service usage, until the end of The Service or you request to stop."
privacy_paragraph_3_li_2,利用地區<br />在本政策所載目的範圍內，您的個人資料可能在台灣及本公司關係企業所在地及本服務提供之國家被利用。,利用地区<br />在本政策所载目的范围内，您的个人资料可能在台湾及本公司关系企业所在地及本服务提供之国家被利用。,"Area<br />Based on the purpose that listed in this policy, your personal information could be use in Taiwan, HOLY BUSINESS related company’s country, and in the countries that provided by The Service.","Khu vực sử dụng<br />Trong phạm vi mục đích được nêu trong chính sách này, dữ liệu cá nhân của bạn có thể được sử dụng ở Đài Loan và địa điểm của các công ty liên kết của công ty chúng tôi và quốc gia nơi dịch vụ này được cung cấp.",使用地域<br />本ポリシーに記載される目的実現の範囲で、ユーザーの個人情報は台湾および当社の関連企業が所在する国により使用されることがございます。,이용 지역<br />본 정책의 목적 범위 안에 님의 개인 정보는 대만 및 저희의 계열기업 소재지 및 본 서비스를 이용하는 국가에게 이용할 수 있습니다.,"Area<br />Based on the purpose that listed in this policy, your personal information could be use in Taiwan, HOLY BUSINESS related company’s country, and in the countries that provided by The Service.","Area<br />Based on the purpose that listed in this policy, your personal information could be use in Taiwan, HOLY BUSINESS related company’s country, and in the countries that provided by The Service."
privacy_paragraph_3_li_3,利用對象<br />除法律另有規定者外，本公司僅得在本政策所載目的範圍內使用您的個人資料。除下列情形者外，本公司不會將您的個人資料提供予第三人：<ol><li>取得您的事前同意；</li><li>法律要求揭露您的特定資訊；</li><li>與本公司之關係企業共同使用您的個人資料；</li><li>使用本服務之其他會員揭露您的部分個人資料，例如聯絡資訊、手機門號等。</li></ol>,利用对象<br />除法律另有规定者外，本公司仅得在本政策所载目的范围内使用您的个人资料。除下列情形者外，本公司不会将您的个人资料提供予第三人：<ol><li>取得您的事前同意；</li><li>法律要求揭露您的特定资讯；</li><li>与本公司之关系企业共同使用您的个人资料；</li><li>使用本服务之其他会员揭露您的部分个人资料，例如联络资讯、手机门号等。</li></ol>,"Object<br />Unless laws have specific norm, HOLY BUSINESS will use your personal information based on the purpose that listed in this policy. HOLY BUSINESS will not provide your personal information to third person, except for the situation as follows;<ol><li>Get your permission in advance.</li><li>Laws request to reveal your specific information.</li><li>HOLY BUSINESS related company needs to use your personal information.</li><li>Other user of The Service reveals a part of your personal information, for example, contact information, cell phone number, etc.</li></ol>","Đối tượng sử dụng<br />Trừ khi pháp luật có quy định khác, công ty chỉ có thể sử dụng dữ liệu cá nhân của bạn trong phạm vi mục đích được nêu trong chính sách này. Trừ những trường hợp sau, công ty sẽ không cung cấp dữ liệu cá nhân của bạn cho bên thứ ba:<ol><li>Có được sự đồng ý trước của bạn;</li><li>Pháp luật yêu cầu tiết lộ một số thông tin đặc biết của bạn</li><li>Công ty và các công ty hợp tác sử dụng dữ liệu cá nhân của bạn;</li><li>Sử dụng thông tin được tiết lộ từ các thành viên trong dịch vụ về bạn, chẳng hạn như thông tin liên lạc, số điện thoại di động,...</li></ol>",使用対象<br />法律で別途規定がある場合を除き、当社は本ポリシーに記載される目的実現の範囲に限りユーザーの個人情報を利用するものとします。下記の状況を除き、当社はユーザーの個人情報を第三者に提供いたしません。<ol><li>あらかじめユーザーの同意を得た場合</li><li>法令に基づきユーザーの特定情報の開示を要請された場合</li><li>当社の関連企業とユーザーの個人情報を共同利用する場合</li><li>本サービスをご利用する他のメンバーがユーザーの一部の個人情報、例えば：連絡情報・携帯番号を開示する場合</li></ol>,"이용 대상<br />법률에 따로 규정이 있는 경우를 제외하고는 저희는 본 정책의 목적 범위에만 님의 개인 정보를 이용합니다. 아래와 같은 경우를 제외하고 저희는 님의 개인 정보를 제 삼자에게 제공하지 않습니다：<ol><li>사전에 님의 동의를 받는 경우；</li><li>법의 요구에 따라 님의 특정 정보를 제공해야 하는 경우；</li><li>저희의 계열기업과 님의 개인 정보를 공동 사용하는 경우；</li><li>본 서비스를 이용하는  다른 회원이 님의 개인 정보 일부 예를 들면 연락 정보,핸드폰 전화 등 정보를 유출하는 경우.</li></ol>","Object<br />Unless laws have specific norm, HOLY BUSINESS will use your personal information based on the purpose that listed in this policy. HOLY BUSINESS will not provide your personal information to third person, except for the situation as follows;<ol><li>Get your permission in advance.</li><li>Laws request to reveal your specific information.</li><li>HOLY BUSINESS related company needs to use your personal information.</li><li>Other user of The Service reveals a part of your personal information, for example, contact information, cell phone number, etc.</li></ol>","Object<br />Unless laws have specific norm, HOLY BUSINESS will use your personal information based on the purpose that listed in this policy. HOLY BUSINESS will not provide your personal information to third person, except for the situation as follows;<ol><li>Get your permission in advance.</li><li>Laws request to reveal your specific information.</li><li>HOLY BUSINESS related company needs to use your personal information.</li><li>Other user of The Service reveals a part of your personal information, for example, contact information, cell phone number, etc.</li></ol>"
privacy_paragraph_3_li_4,利用方式<ol><li>於本服務<br />本公司可能使用您的個人資訊，以提供、維護及改善本服務，並防止與調查非法活動或違反使用者條款之行為。</li><li>客服意見之處理<br />若您向本公司詢問您於使用本服務發生之問題，本公司可能使用您的個人資料以解決該等問題。</li><li>建立及提供統計資訊<br />本公司可能基於統計及分析目的，以匿名形式使用您的個人資訊，資訊將會以去識別化之形式使用。本公司可使用該等資訊，以改善服務、運作、行銷活動及提升產品與服務之可用性，並作為研發新產品與服務之參考。</li></ol>,利用方式<ol><li>于本服务<br />本公司可能使用您的个人资讯，以提供、维护及改善本服务，并防止与调查非法活动或违反使用者条款之行为。</li><li>客服意见之处理<br />若您向本公司询问您于使用本服务发生之问题，本公司可能使用您的个人资料以解决该等问题。</li><li>建立及提供统计资讯<br />本公司可能基于统计及分析目的，以匿名形式使用您的个人资讯，资讯将会以去识别化之形式使用。本公司可使用该等资讯，以改善服务、运作、行销活动及提升产品与服务之可用性，并作为研发新产品与服务之参考。</li></ol>,"Purpose<ol><li>For The Service<br />HOLY BUSINESS may use your personal information to maintain and improve The Service. The information will also use to prevent and investigate the illegal activity or User Terms of Service violation activity.</li><li>For Customer Service<br />If you ask HOLY BUSINESS for the The Service related problem, HOLY BUSINESS may use your personal information to solve it.</li><li>For Statistic<br />Due to the statistic and analysis purpose, HOLY BUSINESS may use your personal information in anonymous form. HOLY BUSINESS will use personal information, in order to improve service, operation, promotion activity, possible service, and also use it as a new product development sample.</li></ol>","Phương pháp sử dụng<ol><li>Với bản dịch vụ<br />Công ty có thể sử dụng thông tin cá nhân của bạn để cung cấp, duy trì và cải tiến dịch vụ này cũng như để ngăn chặn và điều tra các hoạt động bất hợp pháp hoặc vi phạm các điều khoản của người dùng.</li><li>Xử lý các ý kiến về dịch vụ<br />Nếu bạn hỏi công ty về bất kỳ vấn đề nào bạn gặp phải khi sử dụng dịch vụ này, công ty có thể sử dụng dữ liệu cá nhân của bạn để giải quyết những vấn đề đó.</li><li>Thiết lập và cung cấp thông tin thống kê<br />Công ty có thể lấy dữ liệu thống kê vào mục địch phân tích dưới phương thứcdạng ẩn danh để sử dụng thông tin cá nhân, dữ liệu sẽ được sử dụng ở dạng không xác định danh tính. Công ty có thể sử dụng thông tin này để cải thiện dịch vụ, hoạt động, các hoạt động tiếp thị và nâng cao tính khả dụng của các sản phẩm và dịch vụ, đồng thời là tài liệu tham khảo cho việc phát triển các sản phẩm và dịch vụ mới.</li></ol>",使用方式<ol><li>本サーズ<br />当社はユーザーの個人情報は本サービスを提供・メンテナンスおよび改善、そして違法活動あるいは利用規約に違反する行為の阻止と調査に利用することがございます。</li><li>サポートセンターへのコメント処理<br />もしユーザーが本サービスを利用する際に発生したトラブルを当社に問い合わせた場合、当社はユーザーの個人情報を利用することでそのトラブルを解決することがございます。</li><li>統計情報の開設および提供<br />当社は統計および分析の目的で、匿名でユーザーの個人情報を利用することがございます。情報は識別化されないように利用されます。当社はその情報を利用して、サービス・運営・営業活動の改善および製品とサービスの可用性向上、そして新製品とサービスの研究開発の参考とするものとします。</li></ol>,"이용 방식<ol><li>본 서비스에<br />저희는 님의 개인 정보를 서비스의 공급,유지, 개선에 사용하며 불법 활동 혹은 이용약관을 위반하는 것을 방지 및 조사에 이용할 수 있습니다. </li><li>고객 서비스 의견 처리에<br />저희에게 본 서비스를 이용 시 발생된 문제에 대한 문의를 하시면 저희는 해당 문제를 해결하기 위해 님의 개인 정보를 이용할 수 있습니다. </li><li>통계 정보 제공 및 제작에<br />저희는 통계 및 분석적인 목적으로 님의 개인 정보를 익명화 및 비식별화 등 방식으로 이용할 수 있습니다. 저희는 해당 정보를 서비스의 운영,마케팅 활동, 개선 및 아이템 품질 서비스 향상에 이용할 수 있으며 새 상품 및 서비스 연구 정보로 참조할 수 있습니다.</li></ol>","Purpose<ol><li>For The Service<br />HOLY BUSINESS may use your personal information to maintain and improve The Service. The information will also use to prevent and investigate the illegal activity or User Terms of Service violation activity.</li><li>For Customer Service<br />If you ask HOLY BUSINESS for the The Service related problem, HOLY BUSINESS may use your personal information to solve it.</li><li>For Statistic<br />Due to the statistic and analysis purpose, HOLY BUSINESS may use your personal information in anonymous form. HOLY BUSINESS will use personal information, in order to improve service, operation, promotion activity, possible service, and also use it as a new product development sample.</li></ol>","Purpose<ol><li>For The Service<br />HOLY BUSINESS may use your personal information to maintain and improve The Service. The information will also use to prevent and investigate the illegal activity or User Terms of Service violation activity.</li><li>For Customer Service<br />If you ask HOLY BUSINESS for the The Service related problem, HOLY BUSINESS may use your personal information to solve it.</li><li>For Statistic<br />Due to the statistic and analysis purpose, HOLY BUSINESS may use your personal information in anonymous form. HOLY BUSINESS will use personal information, in order to improve service, operation, promotion activity, possible service, and also use it as a new product development sample.</li></ol>"
privacy_paragraph_4_title,四、您得行使之權利及方式,四、您得行使之权利及方式,4. User Rights and Exercise,4. Các quyền lợi và phương pháp bạn có thể thực hiện,4. ユーザーが行使できる権利および方式,4. 이행할 수 있는 권리 및 방식,4. User Rights and Exercise,4. User Rights and Exercise
privacy_paragraph_4_li_1,您就個人資料得向本公司以書面請求行使以下權利：<ol><li>查詢或請求閱覽。</li><li>請求製給複製本。</li><li>請求補充或更正。</li><li>請求停止蒐集、處理或利用。</li><li>請求刪除。</li></ol>,您就个人资料得向本公司以书面请求行使以下权利：<ol><li>查询或请求阅览。</li><li>请求制给复制本。</li><li>请求补充或更正。</li><li>请求停止搜集、处理或利用。</li><li>请求删除。</li></ol>,"Based on your personal information, you can ask HOLY BUSINESS to do the act with written application as follows;<ol><li>Ask to search or read it.</li><li>Ask for a copy.</li><li>Ask to add or correct it.</li><li>Ask to stop collect, store, and use it.</li><li>Ask to deletion.</li></ol>","Đối với dữ liệu cá nhân của bạn, bạn có thể yêu cầu công ty thực hiện các quyền sau đây bằng văn bản:<ol><li>Thắc mắc hoặc yêu cầu đọc hiểu</li><li>Yêu cầu một bản sao</li><li>Yêu cầu bổ sung hoặc sửa chữa.</li><li>Yêu cầu ngừng thu thập, xử lý hoặc sử dụng.</li><li>Yêu cầu xóa bỏ.</li></ol>",ユーザーが個人情報について当社に書面で以下の権利を行使できるものとします。<ol><li>照会および閲覧の請求。</li><li>コピーの請求。</li><li>補足あるいは訂正の請求。</li><li>収集・処理あるいは使用の停止を請求。</li><li>削除の請求。</li></ol>,"님의 개인 정보로 저희한테 아래와 같은 권리를 서면으로 이행 요청할 수 있습니다 ：<ol><li>조회 혹은 열람 요청.</li><li>복사본 제출 요청.</li><li>보충 혹은 수정 요청.</li><li>수집,처리 혹은 이용 중지 요청.</li><li>삭제 요청.</li></ol>","Based on your personal information, you can ask HOLY BUSINESS to do the act with written application as follows;<ol><li>Ask to search or read it.</li><li>Ask for a copy.</li><li>Ask to add or correct it.</li><li>Ask to stop collect, store, and use it.</li><li>Ask to deletion.</li></ol>","Based on your personal information, you can ask HOLY BUSINESS to do the act with written application as follows;<ol><li>Ask to search or read it.</li><li>Ask for a copy.</li><li>Ask to add or correct it.</li><li>Ask to stop collect, store, and use it.</li><li>Ask to deletion.</li></ol>"
privacy_paragraph_4_li_2,權利限制<br />若您的請求不符合申請程序或法律另有規定者，前項所列權利將會受到限制。,权利限制<br />若您的请求不符合申请程序或法律另有规定者，前项所列权利将会受到限制。,"limitation of User Rights<br />If your request didn’t follow the correct procedure or been limited by the laws, the rights that listed above will be restricted.","Quyền lợi hạn chế<br />Nếu yêu cầu của bạn không phụ hợp các thủ tục nộp đơn hoặc pháp luật có quy định khác, các quyền được liệt kê trên sẽ bị hạn chế.",権利の制限<br />もしユーザーの請求が申請の流れの通りになされていないあるいは法律で別途規定がある場合、前項に挙げた権利は制限されるものとします。,권리 제한<br />님의 요청은 신청 절차에 부합하지 않거나 법률에 따로 규정이 있는 경우는 위 사항에 있는 권리가 제한됩니다.,"limitation of User Rights<br />If your request didn’t follow the correct procedure or been limited by the laws, the rights that listed above will be restricted.","limitation of User Rights<br />If your request didn’t follow the correct procedure or been limited by the laws, the rights that listed above will be restricted."
privacy_paragraph_4_li_3,酌收費用<br />若您依本條第一項向本公司查詢、請求閱覽或製給複製本，本公司將酌收必要成本費用。,酌收费用<br />若您依本条第一项向本公司查询、请求阅览或制给复制本，本公司将酌收必要成本费用。,"Fee<br />If you follow this article’s first paragraph to ask HOLY BUSINESS for search, read, or make a copy, HOLY BUSINESS will charge necessary fee.","Phí yêu cầu<br />Để thực hiện các quyền tại khoản 1 điều này thắc mắc hoặc yêu cầu đọc hiểu, công ty sẽ thu thêm các phí yêu cầu.",経費の徴収<br />もしユーザーが第一項に定めた当社に照会および閲覧の請求・コピーの請求をした場合、当社は必要経費を徴収するものとします。,"사정을 참작해서 받는 비용<br />님이 본 조 제1항에 따라 저희에게 조회,열람 혹은 복사본 제출  요청 신청 시 사정을 참작해서 원가비용을 받을겁니다. ","Fee<br />If you follow this article’s first paragraph to ask HOLY BUSINESS for search, read, or make a copy, HOLY BUSINESS will charge necessary fee.","Fee<br />If you follow this article’s first paragraph to ask HOLY BUSINESS for search, read, or make a copy, HOLY BUSINESS will charge necessary fee."
privacy_paragraph_4_li_4,權利行使之方式<br />本條第一項權利之行使，應填具申請文件，並向本公司提出可資確認之身分證明文件。委託他人代為申請者，應出具委任書並提供本人及代理人之身分證明文件。,权利行使之方式<br />本条第一项权利之行使，应填具申请文件，并向本公司提出可资确认之身分证明文件。委托他人代为申请者，应出具委任书并提供本人及代理人之身分证明文件。,"Procedure of Rights Exercise<br />To exercise  this article’s first paragraph, the applicant should provide the application form with identification. If you authorize an agent to execute, the agent should provide the paper of authorization and the identification of agent & applicant.","Phương thức thực hiện quyền<br />Để thực hiện các quyền tại khoản 1 điều này, bạn nên điền đầy đủ hồ sơ và cung cấp cho công ty những giấy tờ xác minh. Những người ủy thác cho người khác nộp đơn thay mặt họ nên gửi thư ủy quyền và cung cấp giấy tờ xác minh của mình và người đại diện.",権利行使の方式<br />本条第一項における権利の行使について、申請書類に記入し、そして当社に個人情報を確認できる身分証明書を提出するものとします。代理人が申請する場合、委任状を提示し本人と代理人の身分証明書を提供するものとします。,"권리 이행 방식<br />본 조 제1항 권리를 이행시 신청 문서를 구비해야 하며 저희에게 신분증명 문서를 제출해야 합니다.타인에게 위탁해서 신청하는 경우는 위탁서 및 본인,대리인의 신분증명 문서를 구비해서 체출해야 합니다. ","Procedure of Rights Exercise<br />To exercise  this article’s first paragraph, the applicant should provide the application form with identification. If you authorize an agent to execute, the agent should provide the paper of authorization and the identification of agent & applicant.","Procedure of Rights Exercise<br />To exercise  this article’s first paragraph, the applicant should provide the application form with identification. If you authorize an agent to execute, the agent should provide the paper of authorization and the identification of agent & applicant."
privacy_paragraph_5_title,五、您無法提供完整之個人資料時，不提供將對您權益之影響,五、您无法提供完整之个人资料时，不提供将对您权益之影响,5. Influence of provide Impaired Personal Information,"5. Khi bạn không thể cung cấp đầy đủ thông tin cá nhân, việc không cung cấp sẽ ảnh hưởng đến quyền và lợi ích của bạn",5. ユーザーが完全な個人情報を提供できない時、提供しないことでユーザーの権益について受ける影響,5. 완전한 정보를 제공하지 못 할 때 이용자 권익에 미친 영향,5. Influence of provide Impaired Personal Information,5. Influence of provide Impaired Personal Information
privacy_paragraph_5_p,若您無法提供完整且確實之個人資料，您可能因此無法使用本公司開發及經營之應用程式，因此建議您提供完整且確實之個人資料，並應隨時更新之。,若您无法提供完整且确实之个人资料，您可能因此无法使用本公司开发及经营之应用程式，因此建议您提供完整且确实之个人资料，并应随时更新之。,"If you can’t provide intact and certain personal information, you may not use some of HOLY BUSINESS Apps due to it, so we recommend you to provide us with intact personal information, and update it constantly.","Nếu bạn không thể cung cấp thông tin cá nhân đầy đủ và chính xác, bạn có thể không sử dụng được các ứng dụng do công ty phát triển và vận hành, do đó, bạn nên cung cấp thông tin cá nhân đầy đủ, chính xác và cập nhật bất cứ lúc nào.",もしユーザーが完全で真実の個人情報を提供できない場合、ユーザーは当社により開発・運営するアプリケーションを使用できなくなることがございます。ユーザーは完全で真実の個人情報を提供し、随時更新することをお勧めいたします。,님의 개인 정보를 완전하고 확실히 제공하지 못 하면 저희가 개발 및 운영하는 프로그램을 이용할 수 없으니 정확한 개인 정보를 제공하며 수시로 경신하는 것을 건의합니다.,"If you can’t provide intact and certain personal information, you may not use some of HOLY BUSINESS Apps due to it, so we recommend you to provide us with intact personal information, and update it constantly.","If you can’t provide intact and certain personal information, you may not use some of HOLY BUSINESS Apps due to it, so we recommend you to provide us with intact personal information, and update it constantly."
privacy_paragraph_6_title,六、個人資料之安全維護,六、个人资料之安全维护,6. The Security of Personal Information,6. Duy trì bảo mật dữ liệu cá nhân,6. 個人情報のセキュリティ保護,6. 개인 정보의 안전 유지,6. The Security of Personal Information,6. The Security of Personal Information
privacy_paragraph_6_p,本公司採行合理適當之安全技術及保護措施，依相關法令辦理個人資料之安全維護事項，防止您的個人資料被竊取、竄改、毀損、滅失或洩漏。,本公司采行合理适当之安全技术及保护措施，依相关法令办理个人资料之安全维护事项，防止您的个人资料被窃取、窜改、毁损、灭失或泄漏。,"HOLY BUSINESS use proper security technology, protection, and follow the relevant laws to secure personal information related business, in order to protect your personal information form been stolen, changed, damaged, deleted or lost.","Công ty áp dụng công nghệ bảo mật và các biện pháp bảo vệ hợp lý và thích hợp, đồng thời xử lý việc duy trì bảo mật dữ liệu cá nhân theo luật và quy định có liên quan để ngăn dữ liệu cá nhân của bạn không bị đánh cắp, thay đổi, hư hỏng, mất mát hoặc rò rỉ.",当社は適切なセキュリティ技術を採用して保護措置を講じており、関連する法令に従って個人情報のセキュリティ保護を実施し、ユーザーの個人情報が盗難・改ざん・損壊・削除あるいは漏えいすることを阻止しております。,"저희는 합리적이고 타당하는 안전 기술 및 보호 조치를 채택하여 해당 법령에 따라 개인 정보의 안전 유지 사항을 취급하며 님의 개인 정보 절취, 개찬, 훼손, 멸실 혹은 유출되는 것에 방지합니다. ","HOLY BUSINESS use proper security technology, protection, and follow the relevant laws to secure personal information related business, in order to protect your personal information form been stolen, changed, damaged, deleted or lost.","HOLY BUSINESS use proper security technology, protection, and follow the relevant laws to secure personal information related business, in order to protect your personal information form been stolen, changed, damaged, deleted or lost."
privacy_paragraph_7_title,七、其他資料蒐集者,七、其他资料搜集者,7. Other Data Collectors,7. Những người thu thập dữ liệu khác,7. 他の情報収集者,7. 기타 정보 수집자,7. Other Data Collectors,7. Other Data Collectors
privacy_paragraph_7_p,本政策僅規範我們向您蒐集、處理及利用的個人資料。於您揭露個人資料時，於平台上無論是瀏覽者、買方或賣方都有可能得知您的個人資料，有關於他們利用或蒐集您個人資料之行為，由其負擔相對的法律責任。於第三方之廣告、網路或連結，請您參考該第三方的隱私權政策。,本政策仅规范我们向您搜集、处理及利用的个人资料。于您揭露个人资料时，于平台上无论是浏览者、买方或卖方都有可能得知您的个人资料，有关于他们利用或搜集您个人资料之行为，由其负担相对的法律责任。于第三方之广告、网路或连结，请您参考该第三方的隐私权政策。,"This Privacy Policy only restrict how we collect, store, and use your personal information. When you reveal your personal information, any platform user, buyer, and seller could know it, they will take the corresponding legal responsibility on how they use or collect your personal information. To all the third party advertisement, website, and link, please check the third party’s privacy policy.","Phạm vi bản chính sách này chỉ thu thập, xử lý và sử dụng thông tin cá nhân. Khi bạn tiết lộ thông tin cá nhân của mình, bất kể người xem, người mua hoặc người bán trên nền tảng có thể tìm hiểu về thông tin cá nhân của bạn, họ sẽ chịu trách nhiệm pháp lý tương đối về việc sử dụng hoặc thu thập thông tin cá nhân của bạn. Đối với quảng cáo, mạng hoặc liên kết của bên thứ ba, vui lòng tham khảo chính sách bảo mật của bên thứ ba.",本ポリシーはユーザーに個人資料の収集・処理・利用することのみ規制されます。プラットホームで閲覧者、あるいは買い手と売り手でもユーザーの個人情報を取得する可能性がございます。第三者がユーザーの個人情報を収集し、利用した行為については、第三者が相対法律責任を負うものとします。第三者の広告・インターネットあるいはリンクは第三者のプライバシーポリシーをご参照ください。,"본 정책은 저희가 님의 개인 정보를 수집,처리 및 이용하는 것만을 규범합니다.님이 개인 정보를 제공 시 플랫폼에 있는 방문자뿐만 아닌 판매자 혹은 구매자가 님의 개인 정보를 취득할 수 있습니다. 이들은 님의 개인 정보를 수집 혹은 이용 행위에 대한 법률 책임은 해당자에게 있습니다.제 삼자의 광고 혹은 링크는 제 삼장의 프라이버시 정책을 참조하시길 바랍니다.","This Privacy Policy only restrict how we collect, store, and use your personal information. When you reveal your personal information, any platform user, buyer, and seller could know it, they will take the corresponding legal responsibility on how they use or collect your personal information. To all the third party advertisement, website, and link, please check the third party’s privacy policy.","This Privacy Policy only restrict how we collect, store, and use your personal information. When you reveal your personal information, any platform user, buyer, and seller could know it, they will take the corresponding legal responsibility on how they use or collect your personal information. To all the third party advertisement, website, and link, please check the third party’s privacy policy."
privacy_paragraph_8_title,八、隱私權政策的修改,八、隐私权政策的修改,8. Changes to the Privacy Policy,8. Sửa đổi chính sách bảo mật,8. プライバシーポリシーの変更,8. 프라이버시 정책의 수정,8. Changes to the Privacy Policy,8. Changes to the Privacy Policy
privacy_paragraph_8_p,本公司得隨時修正本政策，相關修正規定將會公告於本公司開發及經營之應用程式中，請隨時查閱本政策之最新版本。本政策之修正於公告時生效，當您於本政策修正後繼續使用本公司開發及經營之應用程式，將表示您已閱讀、瞭解並同意接受本政策之修正內容。,本公司得随时修正本政策，相关修正规定将会公告于本公司开发及经营之应用程式中，请随时查阅本政策之最新版本。本政策之修正于公告时生效，当您于本政策修正后继续使用本公司开发及经营之应用程式，将表示您已阅读、了解并同意接受本政策之修正内容。,"HOLY BUSINESS may change this Privacy Policy in any moment, related changes will be announced in our App, please check the latest version of Privacy Policy. The changes of Privacy Policy will come into force from the announcement day, when you continuously use our App, it means you already read, knew, and agreed to the related changes.","Công ty có thể sửa đổi chính sách này bất kỳ lúc nào và các sửa đổi liên quan sẽ được thông báo trong các ứng dụng do công ty phát triển và vận hành. Vui lòng kiểm tra phiên bản mới nhất của chính sách này bất kỳ lúc nào. Việc sửa đổi chính sách này có hiệu lực tại thời điểm thông báo. Khi bạn tiếp tục sử dụng ứng dụng do công ty phát triển và vận hành sau khi sửa đổi chính sách này, điều đó có nghĩa là bạn đã đọc, hiểu và đồng ý chấp nhận sửa đổi của chính sách này.",当社は随時本ポリシーを変更できるものとし、関連する変更は当社により開発・運営するアプリケーション上で公表するものと規定いたしますので、随時本ポリシーの最新版をご覧になってください。本ポリシーの変更は公表時に効力を有するものとし、ユーザーが本ポリシー変更後も当社により開発・運営するアプリケーションを引き続きご利用になる際は、本ポリシーの変更内容をお読みいただきご理解の上で同意いただけることを表明するものとします。,저희는 본 정책을 수시로 수정할 수 있으며 해당 수정 규정을 저희가 개발 및 운영하는 프로그램에 공지하니 수시로 본 정책의 최신 버전을 검열하며 유의하십시오. 본 정책은 수정 공지 시부터 유효합니다.본 정책 수정 후에도 저희 개발 및 운영하는 프로그램을 계속 이용하시면 본 정책 수정 내용을 읽고 이해하고 동의한 것으로 간주합니다.,"HOLY BUSINESS may change this Privacy Policy in any moment, related changes will be announced in our App, please check the latest version of Privacy Policy. The changes of Privacy Policy will come into force from the announcement day, when you continuously use our App, it means you already read, knew, and agreed to the related changes.","HOLY BUSINESS may change this Privacy Policy in any moment, related changes will be announced in our App, please check the latest version of Privacy Policy. The changes of Privacy Policy will come into force from the announcement day, when you continuously use our App, it means you already read, knew, and agreed to the related changes."
privacy_paragraph_9_title,九、看法與建議,九、看法与建议,9. Feedback & Suggestion,9. Xem và thắc mắc,9. 見解とアドバイス,9. 의견 및 건의,9. Feedback & Suggestion,9. Feedback & Suggestion
privacy_paragraph_9_p_1,若您對本政策或與個人資料相關事項有任何疑問，歡迎寄送,若您对本政策或与个人资料相关事项有任何疑问，欢迎寄送,"If you have any Privacy Policy or Personal Information related question, please send an","Nếu bạn có bất kỳ câu hỏi nào về chính sách này hoặc các vấn đề liên quan đến dữ liệu cá nhân, vui lòng gửi",もしユーザーが本ポリシーあるいは個人情報に関する疑問があれば、当社のサポートセンターに,본 정책 혹은 개인 정보 사항에 대한 문의는 서비스 센터로,"If you have any Privacy Policy or Personal Information related question, please send an","If you have any Privacy Policy or Personal Information related question, please send an"
privacy_paragraph_9_sendMail,電子郵件,电子邮件,email,email,電子メール,이메일,email,email
privacy_paragraph_9_copy,已複製至剪貼簿,已复制至剪贴簿,The content has been copied to the Clipboard.,Đã sao chépvào clipboard,クリップボードにコピーしました。,복사하여 스크랩 북에 넣었습니다.,The content has been copied to the Clipboard.,The content has been copied to the Clipboard.
privacy_paragraph_9_p_2,至客服中心。,至客服中心。,to our Customer Service Center.,đến trung tâm dịch vụ khách hàng.,によるお問い合わせをお寄せください。,을 보내주시길 바랍니다.,to our Customer Service Center.,to our Customer Service Center.